"Bin","BinRA","TopTaxonID","TopTaxonRAinBin","TopTaxon.Kingdom","TopTaxon.Phylum","TopTaxon.Class","TopTaxon.Order","TopTaxon.Family","TopTaxon.Genus","TopTaxon.Species","Kingdom.maxNamed","Kingdom.maxNamed.Percent","Phylum.maxNamed","Phylum.maxNamed.Percent","Class.maxNamed","Class.maxNamed.Percent","Order.maxNamed","Order.maxNamed.Percent","Family.maxNamed","Family.maxNamed.Percent","Genus.maxNamed","Genus.maxNamed.Percent","Species.maxNamed","Species.maxNamed.Percent"
"Bin1",0.000842551373102382,"ASV_3662",0.174743802008095,"Bacteria","Proteobacteria","Alphaproteobacteria","Rhizobiales","Phyllobacteriaceae","Mesorhizobium","Mesorhizobium albiziae","Bacteria",1,"Proteobacteria",1,"Alphaproteobacteria",1,"Rhizobiales",1,"Phyllobacteriaceae",1,"Mesorhizobium",0.970854457748364,"Mesorhizobium albiziae",0.873736937750707
"Bin2",0.00044716945974804,"ASV_2760",0.207382762951378,"Bacteria","Proteobacteria","Alphaproteobacteria","Rhizobiales","Phyllobacteriaceae","Nitratireductor","Nitratireductor sp. SY7","Bacteria",1,"Proteobacteria",1,"Alphaproteobacteria",1,"Rhizobiales",1,"Phyllobacteriaceae",1,"Nitratireductor",0.640154810254805,"Nitratireductor sp. SY7",0.640154810254805
"Bin3",0.000976295189883433,"ASV_1532",0.279281383942726,"Bacteria","Proteobacteria","Alphaproteobacteria","Rhizobiales","Phyllobacteriaceae","Mesorhizobium","Mesorhizobium australicum","Bacteria",1,"Proteobacteria",1,"Alphaproteobacteria",1,"Rhizobiales",1,"Phyllobacteriaceae",1,"Mesorhizobium",0.988829323857928,"Mesorhizobium australicum",0.98044732408937
"Bin4",0.00376902185254833,"ASV_648",0.358643720672473,"Bacteria","Proteobacteria","Alphaproteobacteria","Rhizobiales","Phyllobacteriaceae","Mesorhizobium","Mesorhizobium albiziae","Bacteria",1,"Proteobacteria",1,"Alphaproteobacteria",1,"Rhizobiales",1,"Phyllobacteriaceae",1,"Mesorhizobium",0.997105656380824,"Mesorhizobium albiziae",0.936462678727672
"Bin5",0.00236710351591167,"ASV_386",0.618600324072081,"Bacteria","Proteobacteria","Alphaproteobacteria","Rhizobiales","Phyllobacteriaceae","Oryzicola","Oryzicola mucosus","Bacteria",1,"Proteobacteria",1,"Alphaproteobacteria",1,"Rhizobiales",1,"Phyllobacteriaceae",1,"Oryzicola",0.880153505168539,"Oryzicola mucosus",0.880153505168539
"Bin6",0.000597009166523442,"ASV_1502",0.337885500371079,"Bacteria","Proteobacteria","Alphaproteobacteria","Rhizobiales","Rhizobiaceae",NA,"Rhizobiaceae bacterium","Bacteria",1,"Proteobacteria",1,"Alphaproteobacteria",1,"Rhizobiales",1,"Rhizobiaceae",0.977193284331131,"Mesorhizobium",1,"Rhizobiaceae bacterium",0.977193284331131
"Bin7",0.00244811290116947,"ASV_385",0.654763712617983,"Bacteria","Proteobacteria","Alphaproteobacteria","Rhizobiales","Phyllobacteriaceae","Oryzicola","Oryzicola mucosus","Bacteria",1,"Proteobacteria",1,"Alphaproteobacteria",1,"Rhizobiales",1,"Phyllobacteriaceae",1,"Oryzicola",0.895363011128501,"Oryzicola mucosus",0.918876565046492
"Bin8",0.00205060070302971,"ASV_1539",0.276584988557742,"Bacteria","Proteobacteria","Alphaproteobacteria","Rhizobiales","Phyllobacteriaceae","Mesorhizobium","Mesorhizobium amorphae","Bacteria",1,"Proteobacteria",1,"Alphaproteobacteria",1,"Rhizobiales",1,"Phyllobacteriaceae",1,"Mesorhizobium",0.989361772631996,"Mesorhizobium amorphae",0.717394613882766
"Bin9",0.00244012700146162,"ASV_774",0.251328091516859,"Bacteria","Proteobacteria","Alphaproteobacteria","Rhizobiales","Phyllobacteriaceae","Mesorhizobium","Mesorhizobium sp. YM1C-6-2","Bacteria",1,"Proteobacteria",1,"Alphaproteobacteria",1,"Rhizobiales",1,"Phyllobacteriaceae",1,"Mesorhizobium",1,"Mesorhizobium sp. YM1C-6-2",1
"Bin10",0.00211278999075813,"ASV_750",0.272267324336222,"Bacteria","Proteobacteria","Alphaproteobacteria","Rhizobiales","Phyllobacteriaceae","Mesorhizobium","Mesorhizobium sp. YM1C-6-2","Bacteria",1,"Proteobacteria",1,"Alphaproteobacteria",1,"Rhizobiales",1,"Phyllobacteriaceae",1,"Mesorhizobium",1,"Mesorhizobium sp. YM1C-6-2",0.872218778057683
"Bin11",0.00341246553609105,"ASV_635",0.261170085601595,"Bacteria","Proteobacteria","Alphaproteobacteria","Rhizobiales","Phyllobacteriaceae","Mesorhizobium","Mesorhizobium sp. YM1C-6-2","Bacteria",1,"Proteobacteria",1,"Alphaproteobacteria",1,"Rhizobiales",1,"Phyllobacteriaceae",1,"Mesorhizobium",0.984815508944355,"Mesorhizobium sp. YM1C-6-2",0.984815508944355
"Bin12",0.00157848473623201,"ASV_1063",0.129572447492567,"Bacteria","Proteobacteria","Alphaproteobacteria","Rhizobiales","Phyllobacteriaceae","Mesorhizobium","Mesorhizobium sp. YM1C-6-2","Bacteria",1,"Proteobacteria",1,"Alphaproteobacteria",1,"Rhizobiales",1,"Phyllobacteriaceae",1,"Mesorhizobium",1,"Mesorhizobium sp. YM1C-6-2",1
"Bin13",0.00159185855045602,"ASV_2576",0.150641789570966,"Bacteria","Proteobacteria","Alphaproteobacteria","Rhizobiales","Phyllobacteriaceae","Mesorhizobium","Mesorhizobium sp. YM1C-6-2","Bacteria",1,"Proteobacteria",1,"Alphaproteobacteria",1,"Rhizobiales",1,"Phyllobacteriaceae",1,"Mesorhizobium",1,"Mesorhizobium sp. YM1C-6-2",1
"Bin14",0.00105479774422158,"ASV_1800",0.488295866856964,"Bacteria","Proteobacteria","Alphaproteobacteria","Rhizobiales","Phyllobacteriaceae","Mesorhizobium","Mesorhizobium camelthorni","Bacteria",1,"Proteobacteria",1,"Alphaproteobacteria",1,"Rhizobiales",1,"Phyllobacteriaceae",1,"Mesorhizobium",1,"Mesorhizobium camelthorni",0.945713203144329
"Bin15",0.00284505855898392,"ASV_532",0.506592142844099,"Bacteria","Proteobacteria","Alphaproteobacteria","Rhizobiales","Phyllobacteriaceae","Pseudaminobacter","Pseudaminobacter arsenicus","Bacteria",1,"Proteobacteria",1,"Alphaproteobacteria",1,"Rhizobiales",1,"Phyllobacteriaceae",1,"Pseudaminobacter",0.974129218236336,"Pseudaminobacter arsenicus",0.974129218236336
"Bin16",0.0354360376671879,"ASV_8",0.880477103531429,"Bacteria","Proteobacteria","Alphaproteobacteria","Rhizobiales","Phyllobacteriaceae","Phyllobacterium","Phyllobacterium sophorae","Bacteria",1,"Proteobacteria",1,"Alphaproteobacteria",1,"Rhizobiales",1,"Phyllobacteriaceae",0.993307335136254,"Phyllobacterium",0.998531277378844,"Phyllobacterium sophorae",0.886655319206229
"Bin17",0.0091065502329364,"ASV_161",0.196111860191733,"Bacteria","Proteobacteria","Alphaproteobacteria","Rhizobiales","Rhizobiaceae","Rhizobium","Rhizobium yanglingense","Bacteria",1,"Proteobacteria",1,"Alphaproteobacteria",1,"Rhizobiales",1,"Rhizobiaceae",1,"Rhizobium",1,"Rhizobium yanglingense",0.632736813598806
"Bin18",0.0075420406421347,"ASV_269",0.21726814364803,"Bacteria","Proteobacteria","Alphaproteobacteria","Rhizobiales","Rhizobiaceae","Rhizobium","Rhizobium sp. BK377","Bacteria",1,"Proteobacteria",1,"Alphaproteobacteria",1,"Rhizobiales",1,"Rhizobiaceae",1,"Rhizobium",1,"Rhizobium sp. BK377",0.416388919762101
"Bin19",0.00376438264179096,"ASV_162",0.766060492548822,"Bacteria","Proteobacteria","Alphaproteobacteria","Rhizobiales","Rhizobiaceae","Rhizobium",NA,"Bacteria",1,"Proteobacteria",1,"Alphaproteobacteria",1,"Rhizobiales",1,"Rhizobiaceae",1,"Rhizobium",1,NA,NA
"Bin20",0.00637713595682041,"ASV_75",0.526683305814375,"Bacteria","Proteobacteria","Alphaproteobacteria","Rhizobiales","Rhizobiaceae","Agrobacterium",NA,"Bacteria",1,"Proteobacteria",1,"Alphaproteobacteria",1,"Rhizobiales",1,"Rhizobiaceae",0.99572024548261,"Agrobacterium",0.954657313183434,"Agrobacterium tumefaciens complex",0.910155646485828
"Bin21",0.00553554840953105,"ASV_45",0.737872701999871,"Bacteria","Proteobacteria","Alphaproteobacteria","Rhizobiales","Rhizobiaceae","Neorhizobium",NA,"Bacteria",1,"Proteobacteria",1,"Alphaproteobacteria",1,"Rhizobiales",1,"Rhizobiaceae",1,"Neorhizobium",0.883216505406138,"Rhizobium oryzae",0.881141468727512
"Bin22",0.00465366057272736,"ASV_225",0.508437767209588,"Bacteria","Proteobacteria","Alphaproteobacteria","Rhizobiales","Rhizobiaceae","Neorhizobium","Neorhizobium sp. T25_13","Bacteria",1,"Proteobacteria",1,"Alphaproteobacteria",1,"Rhizobiales",1,"Rhizobiaceae",1,"Neorhizobium",1,"Neorhizobium sp. T25_13",1
"Bin23",0.00201154161078497,"ASV_2415",0.134110726397152,"Bacteria","Proteobacteria","Alphaproteobacteria","Rhizobiales","Rhizobiaceae","Neorhizobium","Neorhizobium alkalisoli","Bacteria",1,"Proteobacteria",1,"Alphaproteobacteria",1,"Rhizobiales",1,"Rhizobiaceae",1,"Neorhizobium",0.638061855428557,"Neorhizobium alkalisoli",0.4306740545435
"Bin24",0.00144725603359608,"ASV_470",0.327723842209115,"Bacteria","Proteobacteria","Alphaproteobacteria","Rhizobiales","Rhizobiaceae","Rhizobium","Rhizobium sp. AQ_MP","Bacteria",1,"Proteobacteria",1,"Alphaproteobacteria",1,"Rhizobiales",1,"Rhizobiaceae",1,"Rhizobium",0.995801894045411,"Rhizobium sp. AQ_MP",0.984879003319083
"Bin25",0.000904469418420002,"ASV_214",0.424291789059754,"Bacteria","Proteobacteria","Alphaproteobacteria","Rhizobiales","Rhizobiaceae","Rhizobium",NA,"Bacteria",1,"Proteobacteria",1,"Alphaproteobacteria",1,"Rhizobiales",1,"Rhizobiaceae",1,"Rhizobium",0.954845503909572,"Rhizobium daejeonense",0.684237111470303
"Bin26",0.0389765759580201,"ASV_6",0.81001863852004,"Bacteria","Proteobacteria","Alphaproteobacteria","Rhizobiales","Rhizobiaceae","Rhizobium","Rhizobium giardinii","Bacteria",1,"Proteobacteria",1,"Alphaproteobacteria",1,"Rhizobiales",1,"Rhizobiaceae",1,"Rhizobium",1,"Rhizobium giardinii",0.999510582901644
"Bin27",0.0124982218941307,"ASV_160",0.237707714854314,"Bacteria","Proteobacteria","Alphaproteobacteria","Rhizobiales","Rhizobiaceae","Sinorhizobium",NA,"Bacteria",1,"Proteobacteria",1,"Alphaproteobacteria",1,"Rhizobiales",1,"Rhizobiaceae",1,"Sinorhizobium",1,"Sinorhizobium meliloti",0.573133454821232
"Bin28",0.33563988955765,"ASV_1",0.980915224566781,"Bacteria","Proteobacteria","Alphaproteobacteria","Rhizobiales","Rhizobiaceae","Sinorhizobium","Sinorhizobium fredii group","Bacteria",1,"Proteobacteria",1,"Alphaproteobacteria",1,"Rhizobiales",1,"Rhizobiaceae",1,"Sinorhizobium",1,"Sinorhizobium fredii group",0.993283445516277
"Bin29",0.0016740713163765,"ASV_951",0.15964128553648,"Bacteria","Proteobacteria","Alphaproteobacteria","Rhizobiales","Rhizobiaceae","Rhizobium","Rhizobium arenae","Bacteria",1,"Proteobacteria",1,"Alphaproteobacteria",1,"Rhizobiales",1,"Rhizobiaceae",1,"Rhizobium",0.60912264068713,"Rhizobium arenae",0.542333574699803
"Bin30",0.00580089408303556,"ASV_572",0.196370009208305,"Bacteria","Proteobacteria","Alphaproteobacteria","Rhizobiales","Rhizobiaceae","Rhizobium","Rhizobium azooxidifex","Bacteria",1,"Proteobacteria",1,"Alphaproteobacteria",1,"Rhizobiales",1,"Rhizobiaceae",1,"Rhizobium",1,"Rhizobium azooxidifex",0.540366247178366
"Bin31",0.00097839829463413,"ASV_2221",0.63803623514681,"Bacteria","Proteobacteria","Alphaproteobacteria","Rhizobiales","Devosiaceae","Devosia","Devosia sp. A16","Bacteria",1,"Proteobacteria",1,"Alphaproteobacteria",1,"Rhizobiales",1,"Devosiaceae",1,"Devosia",1,"Devosia sp. A16",0.896881070812387
"Bin32",0.0111326892814757,"ASV_144",0.638179592684289,"Bacteria","Proteobacteria","Alphaproteobacteria","Rhizobiales","Devosiaceae","Devosia","Devosia sp. 66-22","Bacteria",1,"Proteobacteria",1,"Alphaproteobacteria",1,"Rhizobiales",1,"Devosiaceae",1,"Devosia",1,"Devosia sp. 66-22",0.958193938651008
"Bin33",0.00021542871555216,"ASV_6405",0.177179280596766,"Bacteria","Proteobacteria","Alphaproteobacteria","Rhizobiales","Devosiaceae","Devosia","Devosia sp. 66-22","Bacteria",1,"Proteobacteria",1,"Alphaproteobacteria",1,"Rhizobiales",1,"Devosiaceae",1,"Devosia",1,"Devosia sp. 66-22",0.548653171962372
"Bin34",0.00422354654595858,"ASV_396",0.332467018875407,"Bacteria","Proteobacteria","Alphaproteobacteria","Rhizobiales","Devosiaceae","Devosia","Devosia sp. A16","Bacteria",1,"Proteobacteria",1,"Alphaproteobacteria",1,"Rhizobiales",1,"Devosiaceae",1,"Devosia",1,"Devosia sp. A16",1
"Bin35",0.00299352309396764,"ASV_442",0.297842211095173,"Bacteria","Proteobacteria","Alphaproteobacteria","Rhizobiales","Devosiaceae","Devosia","Devosia sp. 66-22","Bacteria",1,"Proteobacteria",1,"Alphaproteobacteria",1,"Rhizobiales",1,"Devosiaceae",1,"Devosia",1,"Devosia sp. 66-22",1
"Bin36",0.00359180423333918,"ASV_356",0.366012926061613,"Bacteria","Proteobacteria","Alphaproteobacteria","Rhizobiales","Devosiaceae","Devosia","Devosia sp. 66-22","Bacteria",1,"Proteobacteria",1,"Alphaproteobacteria",1,"Rhizobiales",1,"Devosiaceae",1,"Devosia",1,"Devosia sp. 66-22",1
"Bin37",0.00507598075957872,"ASV_315",0.280476220459881,"Bacteria","Proteobacteria","Alphaproteobacteria","Rhizobiales","Devosiaceae","Devosia","Devosia sp. 66-22","Bacteria",1,"Proteobacteria",1,"Alphaproteobacteria",1,"Rhizobiales",1,"Devosiaceae",1,"Devosia",1,"Devosia sp. 66-22",1
"Bin38",0.00365679658402067,"ASV_580",0.214781092246629,"Bacteria","Proteobacteria","Alphaproteobacteria","Rhizobiales","Devosiaceae","Devosia","Devosia sp. 66-22","Bacteria",1,"Proteobacteria",1,"Alphaproteobacteria",1,"Rhizobiales",1,"Devosiaceae",1,"Devosia",1,"Devosia sp. 66-22",1
"Bin39",0.00182950533777066,"ASV_1071",0.150542079763543,"Bacteria","Proteobacteria","Alphaproteobacteria","Rhizobiales","Devosiaceae","Devosia",NA,"Bacteria",1,"Proteobacteria",1,"Alphaproteobacteria",1,"Rhizobiales",1,"Devosiaceae",1,"Devosia",1,NA,NA
"Bin40",0.00105812313060226,"ASV_1599",0.237191891184496,"Bacteria","Proteobacteria","Alphaproteobacteria","Rhizobiales","Devosiaceae","Devosia",NA,"Bacteria",1,"Proteobacteria",1,"Alphaproteobacteria",1,"Rhizobiales",1,"Devosiaceae",1,"Devosia",1,NA,NA
"Bin41",0.00320424129097703,"ASV_303",0.330146296199172,"Bacteria","Proteobacteria","Alphaproteobacteria","Rhizobiales","Devosiaceae","Devosia",NA,"Bacteria",1,"Proteobacteria",1,"Alphaproteobacteria",1,"Rhizobiales",1,"Devosiaceae",1,"Devosia",1,"Hyphomicrobiales bacterium",0.960902027738025
"Bin42",0.00194998196678474,"ASV_223",0.43364909229585,"Bacteria","Proteobacteria","Alphaproteobacteria","Rhizobiales",NA,NA,"Hyphomicrobiales bacterium","Bacteria",1,"Proteobacteria",1,"Alphaproteobacteria",1,"Rhizobiales",1,"Devosiaceae",1,"Devosia",1,"Hyphomicrobiales bacterium",0.987404040263571
"Bin43",0.00249761001114221,"ASV_616",0.240220657107779,"Bacteria","Proteobacteria","Alphaproteobacteria","Rhizobiales","Devosiaceae","Devosia","Devosia oryziradicis","Bacteria",1,"Proteobacteria",1,"Alphaproteobacteria",1,"Rhizobiales",1,"Devosiaceae",1,"Devosia",1,"Devosia oryziradicis",0.865951157183237
"Bin44",0.00421298169543664,"ASV_436",0.302249148838687,"Bacteria","Proteobacteria","Alphaproteobacteria","Rhizobiales","Devosiaceae","Devosia","Devosia sp. SL43","Bacteria",1,"Proteobacteria",1,"Alphaproteobacteria",1,"Rhizobiales",1,"Devosiaceae",1,"Devosia",1,"Devosia sp. SL43",1
"Bin45",0.00492431958611855,"ASV_642",0.191589439273062,"Bacteria","Proteobacteria","Alphaproteobacteria","Rhizobiales","Devosiaceae","Devosia","Devosia ginsengisoli","Bacteria",1,"Proteobacteria",1,"Alphaproteobacteria",1,"Rhizobiales",1,"Devosiaceae",1,"Devosia",1,"Devosia oryziradicis",0.535546451891512
"Bin46",0.00414956643606031,"ASV_605",0.232526811586381,"Bacteria","Proteobacteria","Alphaproteobacteria","Rhizobiales","Devosiaceae","Devosia","Devosia oryziradicis","Bacteria",1,"Proteobacteria",1,"Alphaproteobacteria",1,"Rhizobiales",1,"Devosiaceae",1,"Devosia",1,"Devosia sp. LC5",0.534874285909375
"Bin47",0.00849133815472251,"ASV_224",0.21511323698649,"Bacteria","Proteobacteria","Alphaproteobacteria","Rhizobiales","Devosiaceae","Devosia","Devosia sp. LC5","Bacteria",1,"Proteobacteria",1,"Alphaproteobacteria",1,"Rhizobiales",1,"Devosiaceae",1,"Devosia",1,"Devosia sp. LC5",1
"Bin48",0.000719889194640046,"ASV_4608",0.136283752072645,"Bacteria","Proteobacteria","Alphaproteobacteria","Rhizobiales","Devosiaceae","Devosia","Devosia riboflavina","Bacteria",1,"Proteobacteria",1,"Alphaproteobacteria",1,"Rhizobiales",1,"Devosiaceae",1,"Devosia",1,"Devosia riboflavina",0.806739445722023
"Bin49",0.00179713373418338,"ASV_971",0.412680501184455,"Bacteria","Proteobacteria","Alphaproteobacteria","Rhizobiales","Devosiaceae","Devosia","Devosia marina","Bacteria",1,"Proteobacteria",1,"Alphaproteobacteria",1,"Rhizobiales",1,"Devosiaceae",1,"Devosia",1,"Devosia marina",0.887710418317717
"Bin50",0.000812261030304713,"ASV_3657",0.291923229684837,"Bacteria","Proteobacteria","Alphaproteobacteria","Rhizobiales","Devosiaceae","Pelagibacterium","Pelagibacterium limicola","Bacteria",1,"Proteobacteria",1,"Alphaproteobacteria",1,"Rhizobiales",1,"Devosiaceae",1,"Pelagibacterium",0.982611479027029,"Pelagibacterium limicola",0.949635304760948
"Bin51",0.000403647904569912,"ASV_5727",0.168979919431849,"Bacteria","Proteobacteria","Alphaproteobacteria","Rhizobiales","Devosiaceae","Pelagibacterium","Pelagibacterium limicola","Bacteria",1,"Proteobacteria",1,"Alphaproteobacteria",1,"Rhizobiales",1,"Devosiaceae",1,"Pelagibacterium",1,"Pelagibacterium limicola",1
"Bin52",0.0112313952162733,"ASV_188",0.203627827992219,"Bacteria","Proteobacteria","Alphaproteobacteria","Rhizobiales","Bradyrhizobiaceae","Bradyrhizobium","Bradyrhizobium murdochi","Bacteria",1,"Proteobacteria",1,"Alphaproteobacteria",1,"Rhizobiales",1,"Bradyrhizobiaceae",1,"Bradyrhizobium",1,"Bradyrhizobium murdochi",1
"Bin53",0.0104815543936891,"ASV_113",0.540822667201385,"Bacteria","Proteobacteria","Alphaproteobacteria","Rhizobiales","Bradyrhizobiaceae","Bradyrhizobium",NA,"Bacteria",1,"Proteobacteria",1,"Alphaproteobacteria",1,"Rhizobiales",1,"Bradyrhizobiaceae",1,"Bradyrhizobium",1,"Bradyrhizobium murdochi",1
"Bin54",0.00303407796946968,"ASV_365",0.355779564740848,"Bacteria","Proteobacteria","Alphaproteobacteria","Rhizobiales","Bradyrhizobiaceae","Bradyrhizobium",NA,"Bacteria",1,"Proteobacteria",1,"Alphaproteobacteria",1,"Rhizobiales",1,"Bradyrhizobiaceae",1,"Bradyrhizobium",1,NA,NA
"Bin55",0.00861263882683374,"ASV_272",0.315128999671896,"Bacteria","Proteobacteria","Alphaproteobacteria","Rhizobiales","Bradyrhizobiaceae","Bradyrhizobium",NA,"Bacteria",1,"Proteobacteria",1,"Alphaproteobacteria",1,"Rhizobiales",1,"Bradyrhizobiaceae",1,"Bradyrhizobium",1,NA,NA
"Bin56",0.00887903711722777,"ASV_250",0.427239425710568,"Bacteria","Proteobacteria","Alphaproteobacteria","Rhizobiales","Bradyrhizobiaceae","Bradyrhizobium",NA,"Bacteria",1,"Proteobacteria",1,"Alphaproteobacteria",1,"Rhizobiales",1,"Bradyrhizobiaceae",1,"Bradyrhizobium",1,NA,NA
"Bin57",0.0227995077023617,"ASV_76",0.265882456264391,"Bacteria","Proteobacteria","Alphaproteobacteria","Rhizobiales","Bradyrhizobiaceae","Bradyrhizobium","Bradyrhizobium murdochi","Bacteria",1,"Proteobacteria",1,"Alphaproteobacteria",1,"Rhizobiales",1,"Bradyrhizobiaceae",1,"Bradyrhizobium",1,"Bradyrhizobium murdochi",1
"Bin58",0.00582113602846294,"ASV_257",0.398862116282883,"Bacteria","Proteobacteria","Alphaproteobacteria","Rhizobiales","Bradyrhizobiaceae","Bradyrhizobium","Bradyrhizobium murdochi","Bacteria",1,"Proteobacteria",1,"Alphaproteobacteria",1,"Rhizobiales",1,"Bradyrhizobiaceae",1,"Bradyrhizobium",1,"Bradyrhizobium murdochi",1
"Bin59",0.00109581651592663,"ASV_1308",0.609368033276778,"Bacteria","Proteobacteria","Alphaproteobacteria","Rhizobiales","Bradyrhizobiaceae","Bradyrhizobium","Bradyrhizobium murdochi","Bacteria",1,"Proteobacteria",1,"Alphaproteobacteria",1,"Rhizobiales",1,"Bradyrhizobiaceae",1,"Bradyrhizobium",1,"Bradyrhizobium murdochi",0.982605005956062
"Bin60",0.0923007024580867,"ASV_14",0.50604005958635,"Bacteria","Proteobacteria","Alphaproteobacteria","Rhizobiales","Xanthobacteraceae","Pseudolabrys","Pseudolabrys taiwanensis","Bacteria",1,"Proteobacteria",1,"Alphaproteobacteria",1,"Rhizobiales",1,"Xanthobacteraceae",0.999763510969016,"Pseudolabrys",0.999763510969016,"Pseudolabrys taiwanensis",0.999763510969016
"Bin61",0.00602087088511807,"ASV_669",0.170190464543083,"Bacteria","Proteobacteria","Alphaproteobacteria","Rhizobiales","Bradyrhizobiaceae","Bradyrhizobium","Bradyrhizobium erythrophlei","Bacteria",1,"Proteobacteria",1,"Alphaproteobacteria",1,"Rhizobiales",1,"Bradyrhizobiaceae",1,"Bradyrhizobium",1,"Bradyrhizobium erythrophlei",1
"Bin62",0.00174977271526313,"ASV_1549",0.236611224583945,"Bacteria","Proteobacteria","Alphaproteobacteria","Rhizobiales","Bradyrhizobiaceae","Nitrobacter","Nitrobacter sp. 62-23","Bacteria",1,"Proteobacteria",1,"Alphaproteobacteria",1,"Rhizobiales",1,"Bradyrhizobiaceae",0.914352601856399,"Nitrobacter",0.811257141807366,"Nitrobacter sp. 62-23",0.788973089690653
"Bin63",0.00188908765918828,"ASV_1939",0.178912241635327,"Bacteria","Proteobacteria","Alphaproteobacteria","Rhizobiales","Bradyrhizobiaceae","Bradyrhizobium","Bradyrhizobium lablabi","Bacteria",1,"Proteobacteria",1,"Alphaproteobacteria",1,"Rhizobiales",1,"Bradyrhizobiaceae",1,"Bradyrhizobium",1,"Bradyrhizobium lablabi",1
"Bin64",0.00450682960477129,"ASV_204",0.358153328862991,"Bacteria","Proteobacteria","Alphaproteobacteria","Rhizobiales","Bradyrhizobiaceae","Bradyrhizobium","Bradyrhizobium sp. dw_411","Bacteria",1,"Proteobacteria",1,"Alphaproteobacteria",1,"Rhizobiales",1,"Bradyrhizobiaceae",0.998787511099037,"Bradyrhizobium",0.996366680490822,"Bradyrhizobium sp. dw_411",0.995158596949437
"Bin65",0.00395616940549441,"ASV_127",0.629907603148367,"Bacteria","Proteobacteria","Alphaproteobacteria","Rhizobiales","Xanthobacteraceae",NA,"Xanthobacteraceae bacterium","Bacteria",1,"Proteobacteria",1,"Alphaproteobacteria",1,"Rhizobiales",1,"Xanthobacteraceae",0.981389548301089,"Afipia",1,"Xanthobacteraceae bacterium",0.981389548301089
"Bin66",0.00417886608695284,"ASV_397",0.307828955870964,"Bacteria","Proteobacteria","Alphaproteobacteria","Rhizobiales","Bradyrhizobiaceae","Afipia","Afipia sp. P52-10","Bacteria",1,"Proteobacteria",1,"Alphaproteobacteria",1,"Rhizobiales",1,"Bradyrhizobiaceae",0.937349296832592,"Afipia",1,"Afipia sp. P52-10",0.937349296832592
"Bin67",0.003919373117292,"ASV_1233",0.324646369112367,"Bacteria","Proteobacteria","Alphaproteobacteria","Rhizobiales","Bradyrhizobiaceae","Afipia","Afipia sp. P52-10","Bacteria",1,"Proteobacteria",1,"Alphaproteobacteria",1,"Rhizobiales",1,"Bradyrhizobiaceae",1,"Afipia",1,"Afipia sp. P52-10",1
"Bin68",0.00102500924749335,"ASV_1213",0.234012168328526,"Bacteria","Proteobacteria","Alphaproteobacteria","Rhizobiales","Bradyrhizobiaceae","Afipia","Afipia sp. P52-10","Bacteria",1,"Proteobacteria",1,"Alphaproteobacteria",1,"Rhizobiales",1,"Bradyrhizobiaceae",1,"Afipia",1,"Afipia sp. P52-10",1
"Bin69",0.00089154996856899,"ASV_3466",0.201768398727595,"Bacteria","Proteobacteria","Alphaproteobacteria","Rhizobiales","Bradyrhizobiaceae",NA,"Bradyrhizobiaceae bacterium","Bacteria",1,"Proteobacteria",1,"Alphaproteobacteria",1,"Rhizobiales",1,"Bradyrhizobiaceae",1,"Afipia",1,"Bradyrhizobiaceae bacterium",0.963278249587448
"Bin70",0.000610649676596654,"ASV_4620",0.258832968408888,"Bacteria","Proteobacteria","Alphaproteobacteria","Rhizobiales","Bradyrhizobiaceae","Bradyrhizobium","Bradyrhizobium sp. S2-11-2","Bacteria",1,"Proteobacteria",1,"Alphaproteobacteria",1,"Rhizobiales",1,"Bradyrhizobiaceae",1,"Bradyrhizobium",1,"Bradyrhizobium sp. S2-11-2",0.740836296852733
"Bin71",0.00037893227846634,"ASV_3974",0.3453962398485,"Bacteria","Proteobacteria","Alphaproteobacteria","Rhizobiales","Bradyrhizobiaceae","Bradyrhizobium","Bradyrhizobium erythrophlei","Bacteria",1,"Proteobacteria",1,"Alphaproteobacteria",1,"Rhizobiales",1,"Bradyrhizobiaceae",1,"Bradyrhizobium",1,"Bradyrhizobium erythrophlei",1
"Bin72",0.00220025725300596,"ASV_691",0.374204214429659,"Bacteria","Proteobacteria","Alphaproteobacteria","Rhizobiales","Bradyrhizobiaceae",NA,"Bradyrhizobiaceae bacterium","Bacteria",1,"Proteobacteria",1,"Alphaproteobacteria",1,"Rhizobiales",1,"Bradyrhizobiaceae",1,NA,NA,"Bradyrhizobiaceae bacterium",1
"Bin73",0.00149657649173356,"ASV_1056",0.291491053970268,"Bacteria","Proteobacteria","Alphaproteobacteria","Rhizobiales","Bradyrhizobiaceae",NA,"Bradyrhizobiaceae bacterium","Bacteria",1,"Proteobacteria",1,"Alphaproteobacteria",1,"Rhizobiales",1,"Bradyrhizobiaceae",1,NA,NA,"Bradyrhizobiaceae bacterium",1
"Bin74",0.00151585809674406,"ASV_1734",0.388369045895406,"Bacteria","Proteobacteria","Alphaproteobacteria","Rhizobiales","Bradyrhizobiaceae","Nitrobacter","Nitrobacter winogradskyi","Bacteria",1,"Proteobacteria",1,"Alphaproteobacteria",1,"Rhizobiales",1,"Bradyrhizobiaceae",0.733742185851358,"Nitrobacter",0.603095233896174,"Nitrobacter winogradskyi",0.404577703303905
"Bin75",0.00221832160698808,"ASV_1381",0.433672720060995,"Bacteria","Proteobacteria","Alphaproteobacteria","Rhizobiales",NA,"Pseudorhodoplanes","Pseudorhodoplanes sinuspersici","Bacteria",1,"Proteobacteria",1,"Alphaproteobacteria",1,"Rhizobiales",1,NA,NA,"Pseudorhodoplanes",1,"Pseudorhodoplanes sinuspersici",1
"Bin76",0.00092119216728002,"ASV_2210",0.38469359891177,"Bacteria","Proteobacteria","Alphaproteobacteria","Rhizobiales",NA,"Pseudorhodoplanes","Pseudorhodoplanes sinuspersici","Bacteria",1,"Proteobacteria",1,"Alphaproteobacteria",1,"Rhizobiales",1,NA,NA,"Pseudorhodoplanes",1,"Pseudorhodoplanes sinuspersici",1
"Bin77",0.00739663052221633,"ASV_448",0.407204905201028,"Bacteria","Proteobacteria","Alphaproteobacteria","Rhizobiales",NA,"Pseudorhodoplanes","Pseudorhodoplanes sinuspersici","Bacteria",1,"Proteobacteria",1,"Alphaproteobacteria",1,"Rhizobiales",1,NA,NA,"Pseudorhodoplanes",1,"Pseudorhodoplanes sinuspersici",1
"Bin78",0.00120227156374532,"ASV_4105",0.32642887339613,"Bacteria","Proteobacteria","Alphaproteobacteria","Rhizobiales","Xanthobacteraceae","Pseudolabrys","Pseudolabrys taiwanensis","Bacteria",1,"Proteobacteria",1,"Alphaproteobacteria",1,"Rhizobiales",1,"Xanthobacteraceae",1,"Pseudolabrys",1,"Pseudolabrys taiwanensis",0.541827898408593
"Bin79",0.0202751596522409,"ASV_46",0.395711756997516,"Bacteria","Proteobacteria","Alphaproteobacteria","Rhizobiales",NA,"Pseudorhodoplanes","Pseudorhodoplanes sinuspersici","Bacteria",1,"Proteobacteria",1,"Alphaproteobacteria",1,"Rhizobiales",1,"Rhizobiaceae",1,"Pseudorhodoplanes",1,"Pseudorhodoplanes sinuspersici",0.794949426816197
"Bin80",0.000335259915690581,"ASV_3678",0.585294656051782,"Bacteria","Proteobacteria","Alphaproteobacteria","Rhizobiales",NA,"Pseudorhodoplanes","Pseudorhodoplanes sinuspersici","Bacteria",1,"Proteobacteria",1,"Alphaproteobacteria",1,"Rhizobiales",1,NA,NA,"Pseudorhodoplanes",1,"Pseudorhodoplanes sinuspersici",1
"Bin81",0.000836879023867979,"ASV_1651",0.423544750342114,"Bacteria","Proteobacteria","Alphaproteobacteria","Rhizobiales",NA,"Pseudorhodoplanes","Pseudorhodoplanes sinuspersici","Bacteria",1,"Proteobacteria",1,"Alphaproteobacteria",1,"Rhizobiales",1,NA,NA,"Pseudorhodoplanes",1,"Pseudorhodoplanes sinuspersici",1
"Bin82",0.0013382195387177,"ASV_1022",0.56214392434571,"Bacteria","Proteobacteria","Alphaproteobacteria","Rhizobiales","Xanthobacteraceae","Pseudolabrys","Pseudolabrys taiwanensis","Bacteria",1,"Proteobacteria",1,"Alphaproteobacteria",1,"Rhizobiales",1,"Xanthobacteraceae",1,"Pseudolabrys",0.580453647398456,"Pseudolabrys taiwanensis",0.580453647398456
"Bin83",0.00267673614942872,"ASV_1374",0.379894311457428,"Bacteria","Proteobacteria","Alphaproteobacteria","Rhizobiales","Rhizobiaceae",NA,"Rhizobiaceae bacterium","Bacteria",1,"Proteobacteria",1,"Alphaproteobacteria",1,"Rhizobiales",1,"Rhizobiaceae",0.672135847569901,"Camelimonas",0.450345579452183,"Rhizobiaceae bacterium",0.672135847569901
"Bin84",0.00759884310336223,"ASV_300",0.443319690662786,"Bacteria","Proteobacteria","Alphaproteobacteria","Rhizobiales",NA,"Pseudorhodoplanes","Pseudorhodoplanes sinuspersici","Bacteria",1,"Proteobacteria",1,"Alphaproteobacteria",1,"Rhizobiales",1,"Bradyrhizobiaceae",0.978386136176159,"Pseudorhodoplanes",0.983725650011352,"Pseudorhodoplanes sinuspersici",0.867286364861436
"Bin85",0.00348039019056067,"ASV_381",0.870040561705853,"Bacteria","Proteobacteria","Alphaproteobacteria","Rhizobiales","Hyphomicrobiaceae","Rhodoplanes","Rhodoplanes sp. Z2-YC6860","Bacteria",1,"Proteobacteria",1,"Alphaproteobacteria",1,"Rhizobiales",1,"Hyphomicrobiaceae",1,"Rhodoplanes",1,"Rhodoplanes sp. Z2-YC6860",1
"Bin86",0.000948423341848727,"ASV_1994",0.183847088184626,"Bacteria","Proteobacteria","Alphaproteobacteria","Rhizobiales","Hyphomicrobiaceae","Rhodoplanes","Rhodoplanes sp. Z2-YC6860","Bacteria",1,"Proteobacteria",1,"Alphaproteobacteria",1,"Rhizobiales",1,"Hyphomicrobiaceae",0.902281780061355,"Rhodoplanes",0.912768385899014,"Rhodoplanes sp. Z2-YC6860",0.902281780061355
"Bin87",0.00281276955843638,"ASV_788",0.366239925699673,"Bacteria","Proteobacteria","Alphaproteobacteria","Rhizobiales","Hyphomicrobiaceae","Rhodoplanes","Rhodoplanes sp. Z2-YC6860","Bacteria",1,"Proteobacteria",1,"Alphaproteobacteria",1,"Rhizobiales",1,"Hyphomicrobiaceae",1,"Rhodoplanes",1,"Rhodoplanes sp. Z2-YC6860",1
"Bin88",0.0103376439501804,"ASV_348",0.313465419621299,"Bacteria","Proteobacteria","Alphaproteobacteria","Rhizobiales","Hyphomicrobiaceae","Rhodoplanes","Rhodoplanes sp. Z2-YC6860","Bacteria",1,"Proteobacteria",1,"Alphaproteobacteria",1,"Rhizobiales",1,"Hyphomicrobiaceae",0.987084905852491,"Rhodoplanes",1,"Rhodoplanes sp. Z2-YC6860",0.987084905852491
"Bin89",0.0144457667253022,"ASV_233",0.290363922005698,"Bacteria","Proteobacteria","Alphaproteobacteria","Rhizobiales","Xanthobacteraceae","Pseudolabrys","Pseudolabrys taiwanensis","Bacteria",1,"Proteobacteria",1,"Alphaproteobacteria",1,"Rhizobiales",1,"Rhizobiaceae",0.562843233328828,"Pseudolabrys",1,"Rhizobiaceae bacterium",0.562843233328828
"Bin90",0.00037912735111214,"ASV_6930",0.136637815659687,"Bacteria","Proteobacteria","Alphaproteobacteria","Rhizobiales","Xanthobacteraceae","Starkeya","Starkeya novella","Bacteria",1,"Proteobacteria",1,"Alphaproteobacteria",1,"Rhizobiales",1,"Xanthobacteraceae",0.849005822503285,"Starkeya",0.726470609452097,"Starkeya novella",0.601580318909328
"Bin91",0.00218875537995578,"ASV_1925",0.266415088850854,"Bacteria","Proteobacteria","Alphaproteobacteria","Rhizobiales","Pleomorphomonadaceae",NA,NA,"Bacteria",1,"Proteobacteria",1,"Alphaproteobacteria",1,"Rhizobiales",1,"Pleomorphomonadaceae",0.808673927133435,"Pseudochelatococcus",0.492862811955853,"Pseudochelatococcus contaminans",0.451540664097626
"Bin92",0.000553556804995624,"ASV_3057",0.285629459348864,"Bacteria","Proteobacteria","Alphaproteobacteria","Rhizobiales",NA,"Terrihabitans","Terrihabitans soli","Bacteria",1,"Proteobacteria",1,"Alphaproteobacteria",1,"Rhizobiales",1,"Phreatobacteraceae",1,"Terrihabitans",0.9753681574202,"Terrihabitans soli",0.9753681574202
"Bin93",0.000294639001553683,"ASV_3229",0.22249552404541,"Bacteria","Proteobacteria","Alphaproteobacteria","Rhizobiales",NA,"Terrihabitans","Terrihabitans soli","Bacteria",1,"Proteobacteria",1,"Alphaproteobacteria",1,"Rhizobiales",1,NA,NA,"Terrihabitans",1,"Terrihabitans soli",1
"Bin94",0.0010908513947747,"ASV_636",0.174920845692574,"Bacteria","Proteobacteria","Alphaproteobacteria","Rhizobiales","Boseaceae","Bosea","Bosea sp. F3-2","Bacteria",1,"Proteobacteria",1,"Alphaproteobacteria",1,"Rhizobiales",1,"Boseaceae",0.834973378126346,"Bosea",0.834973378126346,"Bosea sp. F3-2",0.590902482265452
"Bin95",0.000616215789929837,"ASV_831",0.243410638395841,"Bacteria","Proteobacteria","Alphaproteobacteria","Rhizobiales","Boseaceae","Bosea","Bosea sp. BK604","Bacteria",1,"Proteobacteria",1,"Alphaproteobacteria",1,"Rhizobiales",1,"Boseaceae",1,"Bosea",1,"Bosea sp. BK604",0.536929251878903
"Bin96",0.00260756801317342,"ASV_135",0.694560265769919,"Bacteria","Proteobacteria","Alphaproteobacteria","Rhizobiales","Boseaceae","Bosea","Bosea psychrotolerans","Bacteria",1,"Proteobacteria",1,"Alphaproteobacteria",1,"Rhizobiales",1,"Boseaceae",1,"Bosea",1,"Bosea psychrotolerans",0.934104372399177
"Bin97",0.00277102495599301,"ASV_222",0.243115448518238,"Bacteria","Proteobacteria","Alphaproteobacteria","Rhizobiales","Boseaceae","Bosea","Bosea vestrisii","Bacteria",1,"Proteobacteria",1,"Alphaproteobacteria",1,"Rhizobiales",1,"Boseaceae",1,"Bosea",1,"Bosea vestrisii",0.972047627518725
"Bin98",0.00410734612630121,"ASV_99",0.60827308759947,"Bacteria","Proteobacteria","Alphaproteobacteria","Rhizobiales","Boseaceae","Bosea","Bosea sp. Tri-44","Bacteria",1,"Proteobacteria",1,"Alphaproteobacteria",1,"Rhizobiales",1,"Boseaceae",1,"Bosea",1,"Bosea sp. Tri-44",0.9906584040923
"Bin99",0.00747090606373616,"ASV_526",0.270679007168986,"Bacteria","Proteobacteria","Alphaproteobacteria","Rhizobiales","Methylobacteriaceae","Microvirga","Microvirga massiliensis","Bacteria",1,"Proteobacteria",1,"Alphaproteobacteria",1,"Rhizobiales",1,"Methylobacteriaceae",0.883892349124824,"Microvirga",0.860160692158828,"Microvirga massiliensis",0.468657610416212
"Bin100",0.000929258314866453,"ASV_3640",0.164176325327353,"Bacteria","Proteobacteria","Alphaproteobacteria","Rhizobiales","Methylobacteriaceae","Microvirga","Microvirga sp. SM9","Bacteria",1,"Proteobacteria",1,"Alphaproteobacteria",1,"Rhizobiales",1,"Methylobacteriaceae",1,"Microvirga",1,"Microvirga sp. SM9",0.483827227081543
"Bin101",0.00060495734310451,"ASV_4086",0.504530628431659,"Bacteria","Proteobacteria","Alphaproteobacteria","Rhizobiales","Methylobacteriaceae","Microvirga","Microvirga aerilata","Bacteria",1,"Proteobacteria",1,"Alphaproteobacteria",1,"Rhizobiales",1,"Methylobacteriaceae",1,"Microvirga",1,"Microvirga aerilata",0.527093019270493
"Bin102",0.00117166173557502,"ASV_1271",0.427857200016693,"Bacteria","Proteobacteria","Alphaproteobacteria","Rhizobiales","Methylobacteriaceae","Microvirga","Microvirga brassicacearum","Bacteria",1,"Proteobacteria",1,"Alphaproteobacteria",1,"Rhizobiales",1,"Methylobacteriaceae",1,"Microvirga",1,"Microvirga brassicacearum",1
"Bin103",0.0216196800495078,"ASV_70",0.415419558599705,"Bacteria","Proteobacteria","Alphaproteobacteria","Rhizobiales","Methylobacteriaceae","Microvirga","Microvirga sp. KLBC 81","Bacteria",1,"Proteobacteria",1,"Alphaproteobacteria",1,"Rhizobiales",1,"Methylobacteriaceae",1,"Microvirga",1,"Microvirga sp. KLBC 81",0.661953174386274
"Bin104",0.00935315618994959,"ASV_717",0.168093779382017,"Bacteria","Proteobacteria","Alphaproteobacteria","Rhizobiales","Methylobacteriaceae","Microvirga","Microvirga soli","Bacteria",1,"Proteobacteria",1,"Alphaproteobacteria",1,"Rhizobiales",1,"Methylobacteriaceae",1,"Microvirga",1,"Microvirga soli",0.870896787185121
"Bin105",0.00339604456801291,"ASV_867",0.289686602888449,"Bacteria","Proteobacteria","Alphaproteobacteria","Rhizobiales","Methylobacteriaceae","Microvirga","Microvirga arabica","Bacteria",1,"Proteobacteria",1,"Alphaproteobacteria",1,"Rhizobiales",1,"Methylobacteriaceae",1,"Microvirga",1,"Microvirga arabica",0.81786082053547
"Bin106",0.00152909360803419,"ASV_2041",0.409938793721456,"Bacteria","Proteobacteria","Alphaproteobacteria","Rhizobiales","Bradyrhizobiaceae","Rhodopseudomonas","Rhodopseudomonas sp. WA056","Bacteria",1,"Proteobacteria",1,"Alphaproteobacteria",1,"Rhizobiales",1,"Bradyrhizobiaceae",0.745120195815989,"Rhodopseudomonas",0.723633461738406,"Rhodopseudomonas sp. WA056",0.645319623305115
"Bin107",0.00498620583347742,"ASV_175",0.657735083135883,"Bacteria","Proteobacteria","Alphaproteobacteria","Rhizobiales","Xanthobacteraceae",NA,"Xanthobacteraceae bacterium","Bacteria",1,"Proteobacteria",1,"Alphaproteobacteria",1,"Rhizobiales",1,"Xanthobacteraceae",0.907071728855296,"Bradyrhizobium",0.646837768210002,"Xanthobacteraceae bacterium",0.915078296226835
"Bin108",0.00119085468729104,"ASV_1704",0.414175684748757,"Bacteria","Proteobacteria","Alphaproteobacteria","Rhizobiales","Xanthobacteraceae",NA,"Xanthobacteraceae bacterium","Bacteria",1,"Proteobacteria",1,"Alphaproteobacteria",1,"Rhizobiales",1,"Xanthobacteraceae",1,NA,NA,"Xanthobacteraceae bacterium",1
"Bin109",0.00970643442096199,"ASV_246",0.289263950180044,"Bacteria","Proteobacteria","Alphaproteobacteria","Rhizobiales","Hyphomicrobiaceae","Hyphomicrobium","Hyphomicrobium sp. CS1BSMeth3","Bacteria",1,"Proteobacteria",1,"Alphaproteobacteria",1,"Rhizobiales",1,"Hyphomicrobiaceae",1,"Hyphomicrobium",1,"Hyphomicrobium sp. CS1BSMeth3",0.595599835797974
"Bin110",0.00375597134424613,"ASV_203",0.280399299917967,"Bacteria","Proteobacteria","Alphaproteobacteria","Rhizobiales","Hyphomicrobiaceae","Hyphomicrobium","Hyphomicrobium sp. SCN 65-11","Bacteria",1,"Proteobacteria",1,"Alphaproteobacteria",1,"Rhizobiales",1,"Hyphomicrobiaceae",1,"Hyphomicrobium",1,"Hyphomicrobium sp. CS1BSMeth3",0.665143725776064
"Bin111",0.000880944910393872,"ASV_769",0.263213038449835,"Bacteria","Proteobacteria","Alphaproteobacteria","Rhizobiales","Hyphomicrobiaceae","Hyphomicrobium","Hyphomicrobium zavarzinii","Bacteria",1,"Proteobacteria",1,"Alphaproteobacteria",1,"Rhizobiales",1,"Hyphomicrobiaceae",1,"Hyphomicrobium",1,"Hyphomicrobium zavarzinii",0.656363048115524
"Bin112",0.000943456138974739,"ASV_1912",0.210922221817779,"Bacteria","Proteobacteria","Alphaproteobacteria","Rhizobiales","Hyphomicrobiaceae","Hyphomicrobium","Hyphomicrobium nitrativorans","Bacteria",1,"Proteobacteria",1,"Alphaproteobacteria",1,"Rhizobiales",1,"Hyphomicrobiaceae",1,"Hyphomicrobium",1,"Hyphomicrobium nitrativorans",0.410404612003516
"Bin113",0.0126297875711334,"ASV_126",0.550550233189138,"Bacteria","Proteobacteria","Alphaproteobacteria","Rhizobiales","Hyphomicrobiaceae",NA,"Hyphomicrobiaceae bacterium","Bacteria",1,"Proteobacteria",1,"Alphaproteobacteria",1,"Rhizobiales",1,"Hyphomicrobiaceae",1,NA,NA,"Hyphomicrobiaceae bacterium",1
"Bin114",0.0010276207973366,"ASV_3046",0.333916535813117,"Bacteria","Proteobacteria","Alphaproteobacteria","Rhizobiales","Hyphomicrobiaceae",NA,"Hyphomicrobiaceae bacterium","Bacteria",1,"Proteobacteria",1,"Alphaproteobacteria",1,"Rhizobiales",1,"Hyphomicrobiaceae",1,"Hyphomicrobium",1,"Hyphomicrobiaceae bacterium",0.639126056236656
"Bin115",0.000706270894192118,"ASV_3405",0.254695994760638,"Bacteria","Proteobacteria","Alphaproteobacteria","Rhizobiales","Hyphomicrobiaceae","Hyphomicrobium","Hyphomicrobium album","Bacteria",1,"Proteobacteria",1,"Alphaproteobacteria",1,"Rhizobiales",1,"Hyphomicrobiaceae",1,"Hyphomicrobium",1,"Hyphomicrobium album",1
"Bin116",0.000934648701332305,"ASV_2058",0.545141232478241,"Bacteria","Proteobacteria","Alphaproteobacteria","Rhizobiales","Parvibaculaceae","Parvibaculum","Parvibaculum sedimenti","Bacteria",1,"Proteobacteria",1,"Alphaproteobacteria",1,"Rhizobiales",1,"Parvibaculaceae",0.839580327492017,"Parvibaculum",0.846996193009709,"Parvibaculum sedimenti",0.839580327492017
"Bin117",0.00142822072410402,"ASV_870",0.522951483866235,"Bacteria","Proteobacteria","Alphaproteobacteria","Rhizobiales","Reyranellaceae","Reyranella","Reyranella aquatilis","Bacteria",1,"Proteobacteria",1,"Alphaproteobacteria",1,"Rhizobiales",1,"Reyranellaceae",1,"Reyranella",1,"Reyranella aquatilis",0.706120944785168
"Bin118",0.000583241185391417,"ASV_2059",0.345827147154616,"Bacteria","Proteobacteria","Alphaproteobacteria","Rhizobiales","Reyranellaceae","Reyranella","Reyranella massiliensis","Bacteria",1,"Proteobacteria",1,"Alphaproteobacteria",1,"Rhizobiales",1,"Reyranellaceae",1,"Reyranella",1,"Reyranella massiliensis",0.612178499930076
"Bin119",0.00273926909044614,"ASV_2322",0.140217452042495,"Bacteria","Proteobacteria","Alphaproteobacteria","Rhizobiales","Rhodovibrionaceae","Pelagibius","Pelagibius litoralis","Bacteria",1,"Proteobacteria",1,"Alphaproteobacteria",1,"Rhizobiales",1,"Reyranellaceae",0.531756765034407,"Reyranella",0.450604059875293,"Reyranella sp. CPCC 100927",0.415979895932462
"Bin120",0.0146517923192064,"ASV_173",0.425784427905524,"Bacteria","Proteobacteria","Alphaproteobacteria","Rhizobiales","Hyphomicrobiaceae","Methyloceanibacter","Methyloceanibacter superfactus","Bacteria",1,"Proteobacteria",1,"Alphaproteobacteria",1,"Rhizobiales",1,"Hyphomicrobiaceae",1,"Methyloceanibacter",1,"Methyloceanibacter superfactus",1
"Bin121",0.00343911685144338,"ASV_1434",0.329673581425389,"Bacteria","Proteobacteria","Alphaproteobacteria","Rhizobiales","Hyphomicrobiaceae","Methyloceanibacter","Methyloceanibacter superfactus","Bacteria",1,"Proteobacteria",1,"Alphaproteobacteria",1,"Rhizobiales",1,"Hyphomicrobiaceae",1,"Methyloceanibacter",1,"Methyloceanibacter superfactus",1
"Bin122",0.00182101177712388,"ASV_2489",0.206618676920587,"Bacteria","Proteobacteria","Alphaproteobacteria","Rhizobiales","Hyphomicrobiaceae","Rhodomicrobium",NA,"Bacteria",1,"Proteobacteria",1,"Alphaproteobacteria",1,"Rhizobiales",1,"Hyphomicrobiaceae",1,"Rhodomicrobium",0.839817551516261,"Dichotomicrobium thermohalophilum",1
"Bin123",0.00395788383322192,"ASV_599",0.347003854460158,"Bacteria","Proteobacteria","Alphaproteobacteria","Rhizobiales","Hyphomicrobiaceae","Rhodomicrobium",NA,"Bacteria",1,"Proteobacteria",1,"Alphaproteobacteria",1,"Rhizobiales",1,"Hyphomicrobiaceae",1,"Rhodomicrobium",1,NA,NA
"Bin124",0.000332763804874825,"ASV_1860",0.319675652755165,"Bacteria","Proteobacteria","Alphaproteobacteria","Rhizobiales","Aestuariivirgaceae","Aestuariivirga","Aestuariivirga litoralis","Bacteria",1,"Proteobacteria",1,"Alphaproteobacteria",1,"Rhizobiales",1,"Aestuariivirgaceae",1,"Aestuariivirga",1,"Aestuariivirga litoralis",1
"Bin125",0.00228433173685205,"ASV_1356",0.276799397362016,"Bacteria","Proteobacteria","Alphaproteobacteria","Rhizobiales","Aestuariivirgaceae","Aestuariivirga","Aestuariivirga sp. YIM B02566","Bacteria",1,"Proteobacteria",1,"Alphaproteobacteria",1,"Rhizobiales",1,"Aestuariivirgaceae",0.820002142318001,"Aestuariivirga",0.527403138343607,"Aestuariivirga sp. YIM B02566",0.38891239794603
"Bin126",0.00113773459517389,"ASV_3005",0.131754328903258,"Bacteria","Proteobacteria","Alphaproteobacteria","Rhizobiales","Rhizobiaceae","Pararhizobium","Pararhizobium haloflavum","Bacteria",1,"Proteobacteria",1,"Alphaproteobacteria",1,"Rhizobiales",1,"Rhizobiaceae",0.918393933397741,"Pararhizobium",0.478107435771026,"Pararhizobium haloflavum",0.52065444315419
"Bin127",0.00195727225236848,"ASV_643",0.438697912093465,"Bacteria","Proteobacteria","Alphaproteobacteria","Rhizobiales","Phyllobacteriaceae","Mesorhizobium","Mesorhizobium camelthorni","Bacteria",1,"Proteobacteria",1,"Alphaproteobacteria",1,"Rhizobiales",1,"Phyllobacteriaceae",1,"Mesorhizobium",0.91643164040546,"Mesorhizobium camelthorni",0.91643164040546
"Bin128",0.00778809291192601,"ASV_379",0.293991171115722,"Bacteria","Proteobacteria","Alphaproteobacteria","Rhizobiales","Phyllobacteriaceae","Mesorhizobium","Mesorhizobium alhagi","Bacteria",1,"Proteobacteria",1,"Alphaproteobacteria",1,"Rhizobiales",1,"Phyllobacteriaceae",1,"Mesorhizobium",1,"Mesorhizobium alhagi",0.906528784690825
"Bin129",0.000466163986546059,"ASV_4494",0.193079813431445,"Bacteria","Proteobacteria","Alphaproteobacteria","Rhizobiales","Phyllobacteriaceae","Aquamicrobium","Aquamicrobium sp. LC103","Bacteria",1,"Proteobacteria",1,"Alphaproteobacteria",1,"Rhizobiales",1,"Phyllobacteriaceae",1,"Mesorhizobium",0.622559210144256,"Mesorhizobium sp. YM1C-6-2",0.608006374232604
